-- phpMyAdmin SQL Dump
-- version 5.2.1
-- https://www.phpmyadmin.net/
--
-- Servidor: 127.0.0.1
-- Tiempo de generación: 01-10-2025 a las 03:57:57
-- Versión del servidor: 10.4.32-MariaDB
-- Versión de PHP: 8.2.12

SET SQL_MODE = "NO_AUTO_VALUE_ON_ZERO";
START TRANSACTION;
SET time_zone = "+00:00";


/*!40101 SET @OLD_CHARACTER_SET_CLIENT=@@CHARACTER_SET_CLIENT */;
/*!40101 SET @OLD_CHARACTER_SET_RESULTS=@@CHARACTER_SET_RESULTS */;
/*!40101 SET @OLD_COLLATION_CONNECTION=@@COLLATION_CONNECTION */;
/*!40101 SET NAMES utf8mb4 */;

--
-- Base de datos: `dbgich`
--

-- --------------------------------------------------------

--
-- Estructura de tabla para la tabla `administrador`
--

CREATE TABLE `administrador` (
  `ID` int(11) NOT NULL,
  `Nombre` varchar(100) CHARACTER SET utf8 COLLATE utf8_general_ci NOT NULL,
  `Contrasena` varchar(40) CHARACTER SET utf8 COLLATE utf8_general_ci NOT NULL,
  `Foto` longblob DEFAULT NULL
) ENGINE=InnoDB DEFAULT CHARSET=utf8mb4 COLLATE=utf8mb4_general_ci;

--
-- Volcado de datos para la tabla `administrador`
--

INSERT INTO `administrador` (`ID`, `Nombre`, `Contrasena`, `Foto`) VALUES
(1, 'juan', 'Admin123', 0xffd8ffe000104a46494600010100000100010000ffdb0084000906071413121513131316161516171a1718171818181a18191817151817181a1717181d2820181d251f181521312125292b2e2e2e181f3338332d37282d2e2b010a0a0a0e0d0e1b10101b2d251f252d2d2d2b2d2d2d2d2d2d2d2d2d2d2d2d2d2d2d2d2d2d2d2d2d2d2d2d2d2d2d2f2d2d2d2d2d2d2d2d2d2d2d2d2d2d2d2d2d2dffc000110800c2010303012200021101031101ffc4001c0000020203010100000000000000000000040502030001060708ffc400451000010302030505060306050303050000010002110321043141051251617113228191a10632b1c1d1f01442521523627292e10782a2c2f116b2d23353e224344363a3ffc4001a010003010101010000000000000000000001020300040506ffc4002d1100020202020202000406030100000000000102110312213104412251133261817191a1b1d1f02352c114ffda000c03010002110311003f00e8e9b0291a6de09c3e9302d6e378236c3c1cfb99c95d4f0dc93573d8320a3db0fd250e436853570ffc2ab140e8139a355ae370ac716cd84214c3b09db40f05275029cb5ad3aa1eac64b5336c292c2b6ea29935a02a2b1e012b88548099442b0ba022298e4b6fa3ac2141521754c547e5409c43dc6cd4ddece4a546838896b6425294fe84a6a3bf428d4c63c7e54cf16cd0d8aa19822fb093e0871ec65097a42f18c7158ec514cff6054d1a4855d7d97bb98464e343470ce4c52ec42932b3b469f24d19810db9613e088763d8cb3dba5ba25dd165e14d886a57a878aac6f6b28caf8f6075a375d972e4559d9ca64d11cb8258e54c58fa64a876078271f8551aac26026d88d0a7b072df66e46be89e6b3f0aee683905202ec9ca5046611430ae567e0e523635014ad96a306082c14c0ccad6814005aa0e28e25939a96e30a366a16f6cb11e70cc58b6e8d47a10a8d9bc21b115c1569a0de285ab839c9cafb51cf565ac7085aa8d1132ab661f492a470e3895b7fd03a82b8dec87a9be4c414d1b41a3254d7714ae4c348a1b8770d4ab0522a7870e7102734c5d850dccca1b31e38ec56419b3655eca25c2e0355d5311bb9012a87b49cd2391d51f1d7b34ea646504aa0d37b8e71d15d4e9b32de8eaa4ea606a0fafaa1d968c631e9030c33c4c891f0530c7b4774c78a83080edd937cc7250a5560997003204dedc9296e590af5ddf98df8c58aa29625e7dd9f0e4a78ba42dbaedf3f7a21693c83de24699256f92d18ad4259b51e4646f60778dbc156f93de24183712b6fdccc06df8136f054baac584f341b0c52f48b6bed07ef774968190cc7aa55ed09a95036a902fdd2408ba2bb17ba4953da38e3d8b999c41b0b0590f0f8c96a72f87706b887b647c136d9f54176e836d12575587ce68fc0b9ada8c79300898546be24fc84a49d8f0d33cd60a6782acedea592cfdb0dfd254699e6bc725e89ee3f82b3b37943bf6b7f09553b6e8452623e3b0c7e18ea56370a2334aea6dd9d168ed91c11d582c65f831c541db39bc52b3b67928fedae4b6ac16363b358a0fc0019252fdb4740a276dbbf4ada48db0d3f07cd6251fb5dffa5623a336c8f436541c14d95af011ecc201a2b1d486802eb392c5eca4e330428b706f9b94c59d14aeb51ac5dfb3cfeb5a7e148d651e41cd56d6cdc2cdd0f08b9327b3f0b024f8ad631e16ea83a9cf454b1808bda3971487646297208e740de8f993f4433aa7e693e529862591ee9b1e4a8610e30444e56816cee14da3a632e2c8006f6699ca4c2956a01b1707a190149c013023ef995aa54a467ca2d3e0b02c0717406739f1941d6a576ea3926bd991a3a04dfe4a8a838b12b45e1306634088dd92752647552739d246bc20c782bdc6d1ba075cfcd68b481bdba08d0f34b41b2aa61c01321a7d7c158d0e6c91a8cc804f81d3aaaeb006e545d4cc691d5637663c3608921fd3e610d530ce01c46e16c5ee0cf866b4da963324ce99e5af82aa862c0787329e5bc08266672919059725526ba38bdab5035d02d39aae8cbf326d9744c3da8a1153780106e12fa0ee2a89f007cb0ec38197aa6b4f0c46e8bef1bb5b064b7529552706c38891c389d02ea0e1aa8aeea988786540c6860d008fb0a53673f91e4ac528c17bec06a56105bba6789f928d3c237f308e69dbe90aac6b77dbbedcdc044a80d84efd60f52827ee253ffabc5c91a9490a3f04d2a6300d3a84e0ec2a80e523911f55454d9ee6ba208e1bc227c7245ca489ac3e34ff0024bfa8b5f816f0558d9f3934a635f05522601bc58ab998578649378c85fcf821bb17278692b8b150d94350a67650fd282c563ea35d074551daef8cd552933cf97c5d3187ecc3fa56d2cfdb153f52c47491b747a6bf6d88b3550ddb07f4a05ae63419712ae7d46b402f76e4e539abca55d908e3949d455977ed77fe851a9b56a464b7886ee340172e5bc2523adccf5849bf25978d2ab65f86acf7365dae4130a340345d653a4069fdd5552a93996b44eb727901f247f8944a9544caae82723f15555c4b440fcc7417f8ab6a5b4be927e3c152d6c1f09e1136c87c50652297b2a69df746eeef5ccf41f556bdbbb0488397d2782ae9c12e70cc58e67219792dbaa037244f0b84077d95d773667d624a834b46afcac40b657f8fa29e269c8ef08916703e99c2a5a7bad6992e02c7efaa519728b99501b6f19e26dcf325555068440d4da0f20673543cf5cae0f8f964b0e205ad1c781d06bea11ec3ab5ca2b7b66d130071cad9aba8e2a03a99821d9659f48baa9b581247e5cee633ce06a85c63c000b493e87cb873428a257c32756aeec893d2d63643be8b84bcb4c017bc0cb58f828b6a4bb75b9937746448c813af3eaadc2556b83993bc4006fe339e67fb2551b745ab5565184707b8d380481bcd396f0cc8e47814af158ddc7774d883c8e593b98f9215d5fb2aec9bb1ae98e0272f042edf78df710643c936cb320faca0e917e36fd28ab686237da467139f4bc25b82a2e7b83580b9c6c0054ef1dd24711f050d96d7b9d58b24766cde99893397c51b74717959b4e51d86cad84eed4b6ab77434b41bfe6711bb07d5743ed388c40691bcd0c027513c7915e7bb27dae7b1c249730383a1f782389f9aed99ed153c43f7fbaea8f60101c05813620989951fc4e2a5d9e367f265376d7aa15d5aad6b8b7760f23f045b71523bb52a0f1f9aab18439d070e4903de2e8119e7aad9a2c6b0b85ddfa438103e695352e0f4f067c59aa338fcbf60cc362aaffef380e647cc2a6ad6a8e2779ee775223d108fc5db78b63485ba0f35486b1a7789f084d4fa3be3e3e28bd94520b6b1c75cd6de5d4da4c9f05696b69bbb3064804b8f3e015552bcb4889f1d16ae68b277cfa106d201dde03c12d2dfb94f5f484f5b723e291e268163c881e2ba21c2a3cbf3a1f2dd7b23d89e5e6b165b837cd693dafb3828f62d9fb3daeef16e59253b736554c4d4606406b5dde71d234e69dec4a84d29445160bc4c4cf8ad38a970ce8f1f23c3f28f60f8aa7ba0091368e8afc3528576e499e1a2db8265115ced51539d195c9cbea559d9de4c1204f427828d5040b58f2178f975550aad0374493a868249f1f9a20575c1bdc02ef361cf5e278f44339c1ee813fc45bf02886b64c161038937f11780a9ad20f743409819c01cf2f24ac78be7f52151ba36c01881a7543d5a835398e171d51549877b89336cb8ce57f342e370ee71688ee8324693a697d6dcd06878b57c943717de0082593062f1c084762702c8058f16e731e22fff000100f24169603c0917020e4382a9e4f7c901a6c6e434db419493c72412fb1df2d38f057569104c3a62c4c9e200b1cae8715409927381c7e3d0aaf686d00c11bc009102779c7220c7a42515fda12d3dd01a4cf7a2f7cb2f048e491d78f14e5e879d86fb490e062e186438c6b0019d7540371c3f2982e319e52273d0d92cd8b8b73eafef27f7821a66e0fe570336122239f241ed87bd95b7b4a858fb75049ea0ef79a4e5ab3a638a2a4e2d8e285673690701de69877f96478cd8f42aaab58822a31c490244ea22483195fe4abaf88ef800021d1106c481cb5371e0150c7c4898b12dbc0d64729f995751a44253b17ed5c46fb8eee59f9e61021c4900dc70ea8e752dd6ccc9ef3623c893ae69557c44419cbe8a6d72194f8a465796b48fcb371cf44e7d9bc23450c4b9fdc2f6c366f000ccf09406cec29c5d67b810ca40ef38c65d071e49d6d514ce09eea53badaaca5235ef43893ae49253e691e2f95e46cf54721f847d1a8da8d82d9cf304ccc11f229b6d9a25ae6621b4db4daf20cb440dee007812a34c96d56d3ddde15321982409823c136dab817624d2dd7eef676144801a0ea5bccc645436e6a472435725b740986dac4be6a8ed1b940311e013c1469541345ed9fd24c38725ca3e996542d707022731ba654a9b0f42aba2f47b18bc7d3e589d7f543c7e14b5c0105b3a9cbcd30a3b4c3406d36811a8ccf4293e036c546f74b891c080e1fea957efef198008d1a001e20590e51e963da5c644bf661f83c43c173c01669f13e39a0ebe3def225a1b16b0f895731c5dc605ba20ea4d9a40044df88cd18f23e454174d902743a7cd55b4b0a2a5371d5b707a287e33456d5c54d3796e8d32ac71e4e62ece4fc962104ac4f478db23e8ca3484016ca54dd6d3c96dce5ade1c554623da40983e0a92f208ded4e43eefe0ac7d617234e3925b83a86a12699df8b1a845b9b583e7f14b2745211b4d97627174dbef38033317f0b05653c44c1dc37fd50081d334251d934fb51589717033732db88b0f822f79e609860988cdc64dba7482955fb292504b83588c40d43a4f439ea00324fd10953100d9c4b0680c879e7cbc3d118fa220cdb78c93324c653a911a2a9d11034922492498bdb3299a622691554aedb16106d000369d0cf82a8d39c8827500803282ebe467552aef6521352a6ee64991bc4b8465c0091e0b92dbbed648dca2371b224ea632b0b0e30925251ece8c382795fc171f61d8eda946937725b51cd9e60c904cbbcc715cce23683ded75c01c05b3cfaf5cec93e2eb92493c60f55bc062b77785bbc2c781065736ce6e8f6618a18637db08a86440237a4c1b99b585ba1f2536e3056c3ee907b4a326633a71ee9e87d2541ac696ef37317e1c039be04823f99038c66ebf7db97e60381d7c72f2e2a8a144a5e4c65c7f2186cec56f3775b333bcde20b60e79d84f9724e36d60aa54616cb6243980e60920900fe59923c972c2af63543993dd21e39b4e605f85b3d0a67f89dda858e738d3789699fd5041be50632e6ab1aaa6726493d9388460b106a501261cc9611a88d7d3cc2dd6adbcdeeb6c20c99b99837d66f971425078ed0900cb99dfc8099826ff007e6ab7be2a58f76f9e4489d3d11be05edd9bc7e22039b907191f11e857378c639e775a3212e29863713313f94113c7ee5287ed38a7bad9de24cf4d147925e44da8d44b296d7750a6ea4dcc9973a4f9465e2bb6d9d40d7d9830ac029bc6ed5cccbbbdbe4f5209f45e7381c3f6d558c39d47b5be6405eaa2ab696269d2f75ee9dce418d6088e73e85473b947f27f13c8cd51e84ef7b59530af75f72a4c0cc88232eabaadb5b39f537f1544b5e1c37a00b8200b11ce3d579eedfa4595fb76b61ae71ee8c9951befb395ee3aaf49d8d8d7762dc65012d222bd2d2459ce68f5e8b6bb40138542325ca391c56d7eda96e3e9f78110e26ed8cc0b4f821f0f8326d16e2bd0f6b7b3f4710cfc45110e224eedba877dc85c156a8e04b0cb62dbb9475e2534528aa3d9f0278e51a871fa178c3b5924383ef6b5bfba8b9eee26dca32e8a141ed3622f16395f9957d237b01038ea8367b108af65ccad03b479e59e79641095ab4904c782ded1a9bc77720040d39dd0cef747de89e243234651a73295fb418e870a549d36ef91c784eab2b56719cf74fddd53430edcfe17f815548f1f37917c2178de5a4f46ef16ff0051fa2c4dc9c7c1edd86c631c7b8e91a1bdceb0755797c12209e9af9a0766bb75903740d00d072e2882d71b8740d744ea5c1d1382521663dcfa8fecdc1c0137632e48fe37e4c1cb34453c21739b12d6348ee82436c6775a07bdcc9b724531e4ff00e98067f31f7675caee2a628b9b2492f3d4003f9469f774b5c8ef234a9700eec20dede0e79dd98683693cf45aad87aaecea86b73b0ef4f271d33139add4c5d40d2771b4da066f32e927836dea9756c754066ab831970d681bcf7ff1126c01fb859ea8308ce5d57f708a182739d2ea951cc190b007998009161e4a9da98fa741a777de24099f7469d0fc52eafed138871631e2d0d7408ce2f97a2e431d8f797169738de7bd04db8c8f1537955544edc3e1ce4ef274bd11f6836a17542e823780241bde2e523ab549bf822abd506644cdfe76e083da585345e1a4821cd0e691796b828eb7c9e83caa0b544c3c1173c8f4d0f85bec211952ce07ecff00c2d35fcd54f1ae49fd1cce7cd0650ad22c24c7fa9a0e5d5a7cfa2c63dce613220083d0c483e9e0d4352ae5976f104751afc7d540e2dc37af01fef345879274ce79765b56a4380ce2403c5a788f128d0e06930900969dc27a92e619e16704ab7e6dc2e2de8acc3be411982329e68d8bd8da919893201683d329f196faa9ed1780d17ef4cc701cd0186c481bc0824386539381127d3d543115667cfd56be06a17e3ea592a14e51d59f2515b176776d5037f2805cf3c1a2e639e9e285a8ab38f2caedb3b3ff000abd9c697fe26ab41dd00d304481bc61ae8d49397429eff891b2800310cffd4a2edf0ed7737b75e398c8f81467b05896d46b18c105ce75520410d653eed307a1dd3087db3b669bf134a9121c1f4aa6f89060bdd3ba6358dff45094e4e1679526e4ece2ead7682f358134eb13bf02775f987379e67c137ff0bf6a0a588752de9a6f062445c646349082c56ca259570e7de67ba7f50f7a9bbc4403e2b9cd83b43b2af4de661afbcf0367023a128e27ed1d185296392f67b762b67ba83cd5c3137bbe913dd771dd9f77c2dc9731ed256c36258ea94e595d901d4dc21c6f70345d7537d831ceb182d78cc4e4e1f03fdd22f6a763348ed1e376a3481bcd1dca8226f1eef8f82d27efd7f617c5cca3914a4ebfdf670ec78d01ea4a60d1305d7fe570cf3d32428c238df74340224cf76f91e91aa2aad26e1f75d51ae730bac444186cc10323319e92b35ecfa98654d5a07c635a1d62e2ecc931116811198320a558dc606cde4fcd59b5b1a000e68225b027adcf45cebda5d9924f3cfd1523d1e7f939b5748b70f51d3208772364652c4b1c7bed2d77119ca0a9e1ef981f1463b064ba480d1c49b9e60054547972b0e6d37913da79b44ac520d6e93e4b12ee6d0f6e631a6ed8241cc6616cb5a44386f6bde823fb25787ae2bb609736099dc76ecc122f099e170cc68868cb9c9bdf32ad1e4b645af7d93a78702e1a01e200f92aeb3de05a093668033ea4956bde62da790f24bf76ac805ecbea1ae06331bb781a26a123cbe4aeae01f50b5d55d306770186070ca7571487da29bb9f73a411ba23a8cfa2376fedc752616b4c98b970cccf2c8af3bdbbb6cd4793a1bc5e02e4cb923d2ecf63c1f1b2caa6f845b89da0ee5caf901a0e0b55369f6addd7c35c1bbad7e591901dc47c173cdac73953af5c1712d100c5b38b5efd654e367766947a0bed43819cf43cc7d7e888a715693a93bdf6de99e073734f23f14a77ee89c3e220ef104c0f1b64a89d1c391a6bb010ed3551aa7ba154fa8649e2a8ad8c811c744c91cd2c85dbf0aa7bd0bda3dd6015cdc0d439da51a137b25db293ebde78ad3765389cca21bb0ef993caeb50d16fe8dd1ac0c29e21c4f8f9abe8ec90d22c4dfee4228e140d2384ad43c949a1436812babc2d0fc3e16e22a55cf886e83ef9a1b666199db00e80049be5dd6931e6155b531c6abcc78721a28cf996a7265c529cd43d76cf43ff000b9ada6c73cc0351e580f260073f13e4b8bf6eb65bf0f8ea8e6489776ac3d4cc781911c2176bb1e976585c10e277cc73de71f828ff00891860450ada7ba7c7e39248e6b6e2feff00f0e4c5913ced7a7c0a6a0ed98cad4e0d56b6ec910f6e6593a39a663fbae2b686cb739efa81b01ce2e8690e8933785d160316ea5de601320c696e486dd9bea73471c756cecc3e1b837f5e8ee7d90c57e23041a4cd4a2376f37116f48f25af6636f9acd732b00cad4dc69d406ed906dbc0e6d235483d8ada1d8624036654b1eba2bbdb2a6fc26386218c2ea751b0f0358e7c6088fe54ff00eff83832f8d595c7f75fe0ea715b1a93bf763f72f065a046ecff0001223c123dafecd96b036a36ab98d32374070fe9041e394a6db2b1edab14dce9968349e7f334e4d74ea3e45326e22a5330def4674ddaff0021f92472a278fc9cb89545d1e5f8ed9142a196624b4811bafa64011a4892122af4031e5ae2245ac491e1babd9eabb0b8890f6f64f708ef01d2ce1e3aae03da1ff0eabd19a98679a94f3dd061c072330ef43d5522fedf055666ff0033e4e75911ee98fe5001f3526b49c9ae9e82de41287bc8304bb785882448e467257b311ba3de7c91793655d5fa29b21a35ae03377896ac4a83c9d42c47460da27a9edbc36e6f961201b88917e9f79a4582dbf569bbde26789e1a2ebb6f8220b812d70dd33c7412bcfb1a0075f23af4c8f509271f95a3d8f132a78aa6ace9bfeaf26cfa6d719def78806da8320a87fd5c4bfbddd89022f063879ae3aabc1b3ace17074ea10ce067eefd38a5b9fd954bc7ff00a8d76eed3df71bdb9e7d4a4868137067fb2d62412541ac7735350a6754bc95aeb1e81c98b2c2f51af9c6aa995548f3e798b9d5216dd509435478199841e27694599e6992396797ecbf135b77ae8806bc85587499264a9929d223b585d1c44261436898894a1a8862568a467474583da7d0cf14d6862693fdeb1d0687c745c85028a656212bb475427197675e6901f99a0cc58d88e70eea254dd821bbbae71032e731981e1c972ccc51cee9d1dae77623319ea95cfece98e3be984e2e8eeb4099de6f5d626fd3c252cfc2966f73e57d6fc8d879ad6236939d00c5840e43929ec69af88a5449b39d7bfe51de77a35073f609c14636cf48c53f70615a336d298ff213f023cd05b5f698c4e0eab374cd2a8e1222218e26de4957b6f8c3bbdab1d000029b9a742eddb1e8d23c109fe1c62dae754a0f3ef8913ae87e4571ac6f991f390c6d45e65e9899bb49a059be66550fdb2f04418032084db186ecab3e97e8711e1a7a425f51ebad2b3e8239a3aa686cedb4f999e790b2e8b6efb5d4f1382a60ba3134dcd05b06e003de0728cfd1704b629da7547539f2eb91a93ed1d57b3bb7afd9557402658ffd0fe7c8dba597a7ec8da2310decaaf76b33598dee047d7eb7f01a8485d67b39b74bf769bde5b51b1d8d4ff6b89d387925946b9fe670797e35ff00c90fdd1ea789677b71e7b3a86cd7db75e63270c83a3cf9de394da789c5e0cb9ccad0d024d3709060dc83965a2e9b65ed36629a68e2001545b84c6a35e7c42176a53007e171809a6feed3ada82726bc8c8f03af5b297e5e5728e3c59547e325713cc76d6d26e2aaf6afa74dae20071658388fcc6f9fd1554a9538b0f22533db5ecf1c33cb4b1ce68c9c1d9ce53d78e59a06952d452778bdbf02ba22dd707545c1ae0b5986a445c1f358a1b8fd29dbf9a97d1691f9fdff0051be27b7e3f0a6a53734b22472cf43f05e69b6b67be9921e2fc749e2bd41f89bc6e9fe92956d0c3b2a487d320467bbc46979957942c5c3e43c7fc0f1f7ba09074f4e8ab7b845c48f81e23826bb7f60556b89631ef6e8435c0c0e20dd73ed754683bd4aa01fc8efa24a3b1e68be5308dfd0dc71d556f98893f7f040bb1845f708e4663e0a5536902220841c4cb3afb27994262ebee92224f0d0755a3577b58f355f62397f4ca29109e6be80abcbccbbcb4501874c7b06f11fd2a269378fa2620f901fc39d144c8cd1e3778fa7f751a818741e4e5864e81e9bd5ed7aa7bba5bc0fd569cd8fcde8b0db8c283912d1292b31508bc3639b39a0d148ce863922a8bbba0a0595642230ae9040d0a9b89d58f2f239a1846be987017f74e9ad8fc929c4d3dda8e6dc418fae48ac354301b3606fcd0988702f71e69523a672b46b1359e69b5a5c4b5a7ba34133fdfccf151d9f89753787b090e6990a2e72d536ce411a472baa68236aed035eabaab841744c72681f24baa05686ad3e066564a95216d25449b48eecc64a8a6d273b2359b42185ad024c67c0206ab5ce3ff027c251252c84c35b3a99e171e68ca14c58060eb37f2281a349fc0798f84a2e8878ce4740d5989b49fb1f60b6c3db05e1d2df75c33e8e8cc7aaee765fb5587c553fc3e28b5a48ddef1f49c8f87c9798b58ee7e6d1f212a4693a33f03baa7aaf4425e3c5f23fdb989af86c40a2fa9da5360ee07419a6f3304fe6cbd39a16bd500cb0cb5c011768227f2bad983e6212863ddafa96a2e839c6c48f367adf2594520c31ebd30dfc41d1dfea1f458a0c0e8d3fa98b137c7e8af3f67b21dece473ee8e1fce87ad508cf4fe18e7fad30a849cd9f1faf55a7e15a73637caf3e24aeb71395491cee2b1ed208774f778ff992cc454a46645ff97e853ac5d0636fd9ef67f901bf81092d56e7fb860cc4eeb72d0f7aea32524563ab14ed0a58770f749d6771deb0122c46cca07f23a7f91ff40ba0c538cc76607434edd77585097b9ece9f57387cdbc94db65144e76ae0690d0ff4bfe8a0ec333f53bc9ff44f2b039feec721bb6e47ba508ea7fc4ce937f40b2919c0526837f5bbfa5eaba9480b77cf490993c1fd4cf377d141f48ea5be05c3e164ca4071151a2dfd0ffbeab4ec30e0f03a37e8993f0f3981e6e559c30cfba7d7d51d85d58bbf0b4e7bdda0f007d02b29e1289b7ef5dc831b3f047b6945c183c87ce549b4f8bbc486785e56dcda302a784a7ffb759dfe46a854c0d339d17793026218018de31c775b9f805b7b1995cff48f585b70ea277ecd8f7439be2df921e8f694c98ef03e7e09fba933f4ba35fb0160a03461ff0055fc52b90c93429a3b57741ee993c41b217f1b39031c79a77569b4c986f999f53643d4a4de2cfea285957924d0b0577dfba3c73581cf823ba3cc98f2463d838fc7e2a0298eb6fe246c9dc81e9b78cf84fd148340d0faab37397a9b2d5b80fbea560136c7f17f5bbeaac6b05acebff19fadd52d1c87811e815a19fc3e601f9840d414da605a09ff00399bff009949b04c7fbcfd50cc007e58b7e9f96f429b48b58dbf86078a0c7a0d65066a07f51527e169eb00f577d50a2e7dc397f08f4dd585b78dd31c0866f5f82c068b861a9e7627a91f35653ecb5733c5c41f528534ef91e1eeb3e2149a5c2e010394fc82c28d2954a51ef53fea1ff92c4b8547ff00fb3c1ce8588506cfa004720aba91a1fbf250fc4be2cd13d5ba7d850359fc2e79c7df5f45e81c246b82459c071313f16d92bc66ce73841dd70e9ffc6d7d53576f5bbe00d6e49d05a0803afa2899837bce7bce3ac6a566ac29d1c963b646ec92d7119dbbc67a6edf5493114a9b499a154df3dd1111a5bae9a2f42ad489801d11c09988b6bf7085c4b6c20ba44da7ae7def5529624cac72b382ee104f615070b640653ddcd54e6b5c3bb86a8798e3e03e4bb03846bfbc1efb090779c41119d8807c12eadb0c3efda90093106de6ede9ca14bf0d14fc4111c198ff00ed9e3523fb9d722a8ab8322fd93af1a5efa6564fbfe9ca73bbbc648804d4b49e4d6856d1d8a0344546ee8c897be6c60dc364cd90fc346fc4672a28dc7ee5c67803209e27cb45a34ae7f7677739e998f7a02e97f610de3ffd410092606a6d7ef071d382a6a6ca6490da950f42088e40c026d9e4b6883bb39da752991bc5919c0f0e64c5b4536d261f769cc66400440ccf2c939a3b0a60f6f50c8982d8bce521c8876c03bc487b8401f919ba40195cf878adac41b3130a00e4c6f53e99055d4b44b5a06bbb39413305b64df19b30978a4d7b4efcf7bb3b360645deece82ea9c56cba948cbe8d2200904c8d38075f247546dc58f7b2c37b7a4127ba38e5d3e8873886074e43f97e88a676551b2476666f16e395a3cca83765b2dbb549278546fd52ca34329038a9449f749bf42a4dad43f4bb94387dcad3f666a0923f989ea240430c117406cf0b0220c4c148d0f76134fb0260b48e077b78f8decaba9b82cc20bf810e03d26eaa18176f06f7e4f5bf19368e8ae3b12a989a4795c65d4941d1958335adc8b1839971b7fa55a1f4600dd640e2f719e67b8a2363d4d69b8fdfaab19eced531149d7d2d6ebff0b5a35323da53110691204778b881e3ba215b46bd323bfd9131f9491e5209521eced56e6c7720377e3ff0a3fb2aa0ce93272efb9b3d666c16b40a2a61c39b434f01bc7e4c561fc381c27301c6dc6d1717531b2096ff00f87de023ba4f0999321107630d7b01cc5e4c4c40695b835b041570e49b643bb3304f39192d369d274cba0e7336f0062c8ca7b2cdc4d311910c7c74f72ca157663f8b5dfe47ff00e1f55b83594e1b66870305e4dce4607ce3c1578ac3536407d5874dc90e888fcb0db9470d9447bd50b4676a6feba051fd9a4b49dfa99fe8767c532a03b169a587fd55cf4618f8058989d9afd1f53fd43d085a4383727b21f78f87c55759c645f558b17a67000171ee5cddce07988758a2689cbef82c5888195547183d4fc9538e711bb04e7fee6adac59850b2b347ff00d0fc5c8a8b93acff00b5cb16206f60b56d50c5bdeffb421e989266f0e91c8c1badac418e4d83beefe61ff6b50ce79937399ffb562c5390d1274477474f9b3ea7cd2cace36bfe5f9958b1232888e2aa1ddcce5c7aa5d8bc4383e039c043753ab8adac529f63c3b08a950c32e72e3cd26c4d574fbc73e2562c4ac6446ae25e1c06fba0e92633e0882eccf558b1231a251be645cf9f5594eb381b38f9958b1231cdef9ddccfd95653aae9f78fbbc4f12b162998230265849b9917d55fbc789cfe4b162c1650da86733a6bc9101c78f1f8ad2c5bd991452a87745ce7c51349e6733a2d2c465d041b0ef3be4498ebcd6b12e326fc3e6b16206328d43ba2e7cd6d62c4a13fffd9);

-- --------------------------------------------------------

--
-- Estructura de tabla para la tabla `detalle_pedido`
--

CREATE TABLE `detalle_pedido` (
  `Id_Pedido` int(11) NOT NULL,
  `Id_Producto` int(11) NOT NULL,
  `Fecha_Pedido` date DEFAULT NULL,
  `Cantidad` int(11) NOT NULL
) ENGINE=InnoDB DEFAULT CHARSET=utf8 COLLATE=utf8_general_ci;

--
-- Volcado de datos para la tabla `detalle_pedido`
--

INSERT INTO `detalle_pedido` (`Id_Pedido`, `Id_Producto`, `Fecha_Pedido`, `Cantidad`) VALUES
(1, 3, '2025-10-01', 2),
(1, 234567, '2025-10-01', 1),
(2, 2, '2025-10-01', 3),
(2, 3, '2025-10-01', 5),
(2, 234567, '2025-10-01', 4),
(3, 1, '2025-10-01', 2),
(3, 54321, '2025-10-01', 6);

-- --------------------------------------------------------

--
-- Estructura de tabla para la tabla `empleados`
--

CREATE TABLE `empleados` (
  `Cedula` int(11) NOT NULL,
  `Nombre` varchar(100) NOT NULL,
  `Numero_contacto` int(11) DEFAULT NULL,
  `Contrasena` varchar(100) NOT NULL,
  `Foto` longblob DEFAULT NULL
) ENGINE=InnoDB DEFAULT CHARSET=utf8 COLLATE=utf8_general_ci;

--
-- Volcado de datos para la tabla `empleados`
--

INSERT INTO `empleados` (`Cedula`, `Nombre`, `Numero_contacto`, `Contrasena`, `Foto`) VALUES
(8, 'Fuad', 2147483647, '1234567', 0x3f3f3f3f00104a464946000101010060006000003f3f00430006040506050406060506202006080a100a0a09090a140e0f0c1017141818171416161a1d251f1a1b231c1616202c20232627292a29191f2d302d2830252829283f3f0043012020200a080a130a0a13281a161a28282828282828282828282828282828282828282828282828282828282828282828282828282828282828282828282828283f3f001108013f013f030122000211010311013f3f001b000100010501000000000000000000000000010203040506203f3f001a0101000301010100000000000000000000000102030504063f3f000c030100021003100000013f3f3f763f2442),
(1000225584, 'juan', 456789, '123', 0xffd8ffe000104a46494600010100000100010000ffdb00840009060713131215131212151515151515151715171515151515151515171615151517181d2820181a251d151521312125292b2e2e2e171f3338332c37282d2e2b010a0a0a0e0d0e1a10101a2d1f1f252d2d2d2d2d2d2d2d2d2d2d2d2d2d2d2d2d2d2d2d2d2d2d2d2d2d2d2d2d2d2d2d2d2d2d2d2d2d2d2d2d2d2d2d2d2d2d2d2d2dffc000110800b7011403012200021101031101ffc4001b00000203010101000000000000000000000304020506000107ffc4004510000103020305050408040502070100000100021103210412310541516171061322819132a1b1d1142342627282e1f0335292c115537393f1a2e2344344546383c207ffc4001a010003010101010000000000000000000000010203040506ffc4002e110002020103030302040700000000000000010211030412211331412251610581427191b1141532a1c1e1f0ffda000c03010002110311003f00c4f7a9cc263c8b4a4eab12c1f0bc6713ed6ecd86ceda9f649557b6aa8990aa46321798ac44894a999b8edf515b8a7dca017a857ab74135576461c1cd3d421dc1bfc616abfc4dc1820ac561eaf882ba75596ac7343946fa4cd193a63b5b69b8a08c67148172f332cfa68f45ca3d8b03894565490aac39129d446ca336c62b3a107be85cf32a2fc3b80bb5c39c14d4511b92ee31503dcd90aa9d5483057d03b3f826b98245e125b7fb321c65a20f25b42923e5b58b7647463856517544de2b61556702ab4e1ea6994ad124ce2dad127544335179528bc6a101ce5a288a8239e86e7a197a81255a88ec6295582af30f5e42cd642adb6713a2cb3634d59e87d3f3f4e74cb17b9473a9d46592ae72e548f7faca4305ea26ac25fbc4375454a04ca44ead49561d9e3f58a9dcf4e6c9ad0e5538fa4ce392e547d430b8d80129b5b1ad2b38dc79097c562c95cea5c17d1a65b55c4c36c55557af252afc4984abeaa36d9b410e675ea45b59727b4d030c44a0bca087294ad28c6e88929fa5842e6a4e9b2485aad9e1a1a9f9393599aa348cd55d9278209d94782dc0c382a3f401c169b99e43662d9b28f04f8c09cba2d4d3c00e099fa208d1293b2b16478dda3e795a996942ccb49b7308d597aa60a491ebe3d5292e42072d0766bb355b14e01ad207f6ebb824fb2db1dd89acd6c7866e57dbb0349b4181b4c4002e7792a942df2466d54bfa71f7f714d8dfff003ac3d203bc327781f33757d53636098dcaea6d8f7d967369f685edd0acbe376f54719cca67a8c70e1239a1a0cd95dca47d4d9f442232b0790094c7f67a8d404d37653c8c8f45f2776d57cfb45586ceed454611e22a56b22f8922a7f4892e63219dbb84ee5c5b5191c0ee3d0acb62aa53e4be9b4b6bd0c653eeeb017deb19da5ec43a97d65339a99f56fe8b55b5ab89e7cf14f1ba923158faad3a2aa383cda05aea1b06772b1c3ec203726a74438a30d4b6413b9394f619e0b7b4b6481b91db826849ce40a31461a8f67f92b1c3ec10372d454a51ecc0f293f243ef9cdd003d5adf924db1fe467717b3da1ab2b8e6e5365b8c762c38f8e9b46e25b23ce3459bda9b28fb4df134e87e68557c9ac33ca267fbd5135533570452eec295aa48d1eae409d511b04ff121bb0cb98d21534aa8c9ea249da2f3e916437564953aabd2e5caf1533d8c3aa8ce3f2326a2197a097a897a6a26dd541f32e40ceb956d175820722b0a54395a6cdc266b949a319e6514170b872740aef03837ef4d6070cd015ad12068125c1e565cae6cec361e137dd8e0b98495eba912998902d0ab71b5e3456670ee4ad7d9e4a06663174ea5490d04a5715d98a8c631f5486778e86b4ea79afa5f6676551009339f5be9e89cc47fe2a9bded0e6b010090204f055d959319b94f6a17ec27679cc06a39843434065b2cf17427f6d62cb7c2d109dc5f6a1adb2c76dbdb9de130a2796315499e9e934f9375c970546d7c419d55577aa789ab26e962b83bb3df82a5414b90aabd4a50aa236827c87c1e38b0eab63b37b464b3238cb4af9f3ca630d5c8569b8f633cf82391728dfe19ac3eca769619ce30c6c92b31d96c4bdd58345c1d792fac60a935ad8a76dcea9127986f3f82ecc0f7a3e675985e19d2ec675bd9e8fe2d4f16a2930667f9f046ff000131e1c3ff005d4bfa02aeea6369511005f7c789ce3c49de554637b4753ec5300717380f72d64e11eecc61a7cb3ec57d7c353a641ad42ab19bdec22a34750df101cd5a61cecd73335234aa757099e61d70a8ea768ab441148f2baa3da8cc35524b80a55b88bb1dd0f1eaa1668f836968b2247bda5af876626953c8cc84cd5c9a8693000234235f2565b67b2d468d1756a35b3d3b12c241f0b8c4823a8587c4520f7100f8b74fdae884ec6d5a8c1870e2d68b38ea6350d858f52ed3389dc1b8cefe0ec5e0c12728d74fbdd38955aec24ee56ec65461637238091131363ed01c56cc6c5a58c7934e293f2cb87d973b8f295709f87dcdf0c6538397b1f3176012d5706782dce3763ba938b5ed823d0f3077a4df826ef5a6e614634609ca1570e42d6d7a6d02ca9718d2740ab758971d8a1a92100d52ad6a60c94238156a86f34cafef4af13ff440b93f4875a646830cabec03885e51d9d0acb0f858dcb19490dca4fb8de16a156d833749e130eae30b463728131ca54d374981069829ca5453443645cd0a186a5de486faa5f6abc8195ba931f356f838a74c744af9a3ab160b8ee7f63d6e11b45b3373a9e2b2fb531ae989d093bfe2b459fbe3901b8827a4c6be9ea13b5f058510da945a448d099fbde2d77e89bb6b8e0529e1c534e4adfc1f32af8c2754b3dc4e975f65a1530348e5652a40f26349f53748ededb8c9ee18c024789c21b13ba775ae7f5583d3c7bb91defea9b125d37cf6e7bff63e6743b3f5de0901a34b124ba0dc4b5a091a8b18293a9b2ea34f8b2f3f101ee741f72fa4e0368d1c9dc50796d30efaeaa3dbaae3ed069ddd7d38ad4601d45ac0d6318c681bc016e2675eaae38232ecc72fa867c6ae71fb7b1f0cee08d410838ab05f6cc6637007c354e18f2863be0a8f697677645710dacca2e3a1655813f85f654f4decd158feaf8efd69afcb93e32f7a95379d169fb4fd85af8669ab4dc2bd0ff3197207de027d412b3fb169e6a83eedd6328edee7b10cf8f243741da365d9fc39600d6987b85ddc09f92d8bf693d8c6d3e000b72594d8c7c72ac3198a84617516ce1cf894e6ad04c6ed2c839ace6376a3dc7542da18a249baac3539ac324dc99d38b0462ae865d5ccea826a199375e31e17854246ad2ec0eb1ded1fa1dc911b5209ccd20f211ff2b4dd9caeca75333c48e80ad155da180ffdb824ef81f05d38e51ae59e26b748f24fd29982c2ed0a8ea8da94de1a5a2049e7be56ff006355acf01d51b7208f0b9b047181f340a5b7f0b4e4330ac83ae600cfc92188c5510eef30a5d877ef60334ddf95d309b943c338bf97664ed5affbe0d16d3607b430b4c8df170b2788c0bc18f3f256d87ed43c88acc6b86f7377751ab7a84b6d1c535de26198d38df7731cd529d11d29ded9f0fc5f9fb94b570a957e187057ada731bdaed0f3e079a30c18deb64cc4cebe90cb10ab5d852772d8bf0cd1b90860dae31a26b80323f42e4b96a6a6060ae46e0a3a96cb3bd32367f00b42708e3a047a3b3b8a542dc53e0f66b8f257387c035a2e51fe8c46882fc2bb794c9bb035997b4a361eb802ebd34805c1ad00a04c5b0ee6bdc5e7eccc754f6028bb106de160b177f61cd67f64e16a39ce699cad24b8812635868de615b54ed5d36014a9b0b5ad117891e532a21cbb7dbf73d19e458e292e5d7e85aed1af468d31498001a0e324ea49d49de79ac76d6da61aef6b5e3ecc8bcd8f0b79040dabb5a854b93541ead237c1d3cf554d5b18c739ceccc1e36bbc6dcc053be68001f14e5f9ace7272951c1a9e94b6b83b7e6cb8c16d6693debbda636e0090e22035dc8f23c9430f4df58197e5cc3eb1e466324e62d68fb4ebb78011eb9f388a4e77d548155f94b352d009702391816dd74ee2f6a06e5a34810d6921ce9b93a9023993277dd67b6995a6c99a796293b6952bf1f26bf62e13234330cc1a9fadad7ea6d61e4095d8b184638fd231352b54deda223ac91fa242a3aad66873c9a7443400d1673fe415362aa35b66081c075dfc55cb2282e11eae3d0acb2dd964e4c7f158ac0ccd3c2b8e9e2aaf738db94c29e1b6f5367fe9e941fb8c3ef2167cb9799960f2ceeecf4a1a1d3c556d35d43b414049653ee4f160001e4e637c2f1c8855bb430b41ff005f8768a6e7fb74c58661a9683a03aacf5471526563112879a6d532f1e8b1e396e8705f6cbad02f65e637182f759fc4635c048fdf355b5316e3a95516f6d23a3f87b76d9655eb4a5dce49d3afb8a339ea5c68a6ab818a75515af55ed374cd37228ce4c718f852ef12c2a2629851b6c49d1174a8194d6452ee827b07bc4e9620b4c8f3e053c4870ccd31c4704b56c38dc82d7169e4aa2e8e3d5e05963c77ff0025fec3c40766a4eea3fb91ee2ac078873163d42cc61ebe4a8c770d7a6856c5d86689703ed01ee1afef82eac4f8af63c4d5c29a9afc4afefe44db4277a9637679a6038194b65771f45654985c067260715a7272d94cfa86572b67e21a0c06fb972282cd38ac02f4e2042a7fa4ca1babc94ec8da59d4c60096ab8c274096685eb5e77350147ae79d4a03b1606a515d80aafe4178ed8cd6ddee9e5c7920a47b87c117d0155f51ed1540218c397c1c09d63e2b29b5303498629b209de5dfdc95a3c6ed0353c0d9686802d1e4070b6fe88582d8c5c640022e5c64b8f39959ca3bb847ab8751931c7d0ad7bbe17fb31ced96f264b89e232c003f13a3dc0a506c1ac73399f6759b08e056c3158b6d2710092d062c72cbb906f97c389147b6f6b96b5ad6b4ba6f9661a4fde8bbbca278a849a3cfcf0cb9b2552bf85540bb33b19ed15310181cf6b5fdd02640706dadbcc99f76f561d83d9cc39aad7f1bc12403a03cc27bb2142a8a752b5578f191020068cbb9ad8e67f7742c46d10d968b3cdc9803d728bf53e7c55b6d2b2f4f0e8cf6e4e2fc8d6dfda33e11a0e0b3955ea1571049ba1779cd71c9b93b67d2e3828aa41254831469894d35a85134dc2e69141732eac4040c4337a1c414cabc62ac2e5638c2aaeb3aeb5c4b8359cea29930e47a7525261cbd0f5a3899b9da2c188a5cabdb5ca2fd25438333e470393b45f6550caa9ea3594ed06cb26b911ae48f7e88dac810d148e2c4299c4a5abd6952c2883aa4c75f97eab7142b87b58d2621ad9f458668d3aad93709611ac0f82df0f76cf1bea14a318fe65e50c352689b13eaa75434cee54b4693c6a518bcefd17459e5076bda340bd4a3b1316017240374e8bdda08098a7828bb881d4acfd4dbd8ba9fc3a618389d7d025fe8955f7ad5cf40607b94a2a8d4d5da386a5ed3c13c12953b500da8d12ee7103deaaf0f430ccbc663ceebcc4ed80d3e1681e498522c1f8ac5d4b92298f5296aed2c825e5ef32049b0b5cc7bbcc2ad76d17d4debd631c4b795fd4ffda12686bbf259767c097076b328fb5f6b1134d872d8973b80f9aa2ad8dc8e9092dad893dd48377bae7c8c0f5859c24ea91eb666a1073f8e05aad70f7171f61b668dc4f1e9fbde55b6c5a0da84b9f7dde4b3389ab24306ed784eff007abed8861badb829bf572698702c7895f77cb2f31d890d66516026dd56436854cce29fda78bcc480aa9e566e4db3ae18e2e34d591a550024389cbb8c025bd46f1aa2b59246539813ed43847e2045b8a4dc1458f33fbd153a7cb2a185c38c6f8f67cfe9e4b9a075bcdcdf8f34c8724b0da262522c3b5ca158d944bd2d88ad652c68afc63954e25d70ac310e5538b7de16d8621a89edc64c397b992e1ca41cb77138e3986039481416b94a54b474472076bd19b59261ca41ca1c4d1490fb3108edacab1105459b8143eeaca2c74a55af47a654389139522d36461f3d4688b0327a05b525c74b055fd98d9f969e722eef82b775468deba211a47ceeab37527f0851d4c91ac2e2e6c466942c5550ede7a0493890787c559cc598c5302e5505ad3a927d572001d6c6bf880103bc7386f297a755a359253d4eb3e2cd007bd3191a38676fb263e8ec1771943398ea6144d225001e9bda2c022e19a5ce76ed0f919f9153c2e0c182414f622830002e237825a7d41408c8ed5710e2399f8aacc5559600740f07dc655cedd678890667cf92ce624f84fef7158c554cf59b593057bd7ee7610da4efd53f4b1b9444aa40f85e17f343859e8349970fc54ef43755559de1522e296c2d50cbeaa1b1d742257029ed358b2e6855b221c42a86d552155434c5458bf11297a9512aea8a05e9280fb12c4390f69ec873407b7c52d05df74ef0a5406678e00cfa2d132a13b9746354791f50d43b514610394c3968f6aecba46e3c2ee5a2a0c4605ecdd23885bf0ce486739ae530e4ab5e881ea5c4ec8664312a40a007af43946d375946439766410f5d994ed35eb248698f579b13059887ba3283a1deabf676001f13cc0e0afb0f8d63465a6d9e696cf279baad5dfa625f0c538e9a69c0251d5a5d964bbeeb5242b38fb537dc3444762853b32013c2ee5679c5bb1c40d0307bd083580cc171e7a241adaafe56b4ebe413582d9d509924c0de7409588e70a86e2c3868bc477968310f746f024792e4ac04696cf26f9744e50a445cdd4d955db9b23899bf96f4d5c09710ceb6f40a8608e53a883c9169060b913c06aa0e34c5e5c7af85befbfa22d0ad23c2328e4209f372047b5ea5423c0d0d1c5d6855efc393ed3dcee62cdf529baf8c60b36e77eaf3f24b57ace78b5371e6ed3d3408011c6609a699c9722f693ef590c732c7aff63fbf35a8ad8e7b0c1200e0a871ecce491ff3cc7b94b5cd9d78327e1652872f095d51b08799347abbc202a5990439483914529860e5eca0e6520e4a8d14c282a41c821cbb3a545ef0d99449420e536a6a16736a354b1c4670d572f53c51df8d771b701648b18495ebc81be56d48f0672726db26ec599d0941a989e6a0ecc741fd943e8bc4aae0cc571151a775d2f9d581c2725eb303bca7686a535d84056446d429e18407408acc15f97b926d1aacd9045a0a6b0f40a7a9618045145c7410a2c4e72977642988f68cf24fe171e059adf328743669313757b82ece9b17c01cec07aa96d1225498fabab8f416007556fb3f6411a4013d4c7328b4852a6e37f081a4ddc7893c392b06632a3c431818ddc4f84790d4fa296c0629e15ad13027892a0d7873a1a1f55c370f6075ddeabc0ca62f51e6a1e766f90dea7fe2de1f0001a34cbe16f49de7925416303075b7be930ff2eb1d572aa3b480d6677c47ff00a20fb9727b508ad3b42a3cc0b710df08039c49f528f863692ecdadc9cb1e7aa01656aae2d635c32ead008f2740867e64c0d9819e2af529528064171aaefe967cd505a19a74d8d198bda4f2198fa948d4c6e6790d6b9e740e7196fa046a756896fd450a9544ff0012a914e979030157d5aaf71cada82663bbc3b0bba78a2ff0400e77cea7e2a8f0d1c0003d06a93c4edbab5ce4a0c240b171b7e8021b3639cde280e3fe6b8d57f951a527fa8a786c90480f2fa903d871c8dff6694b80fc4426053b366e6743ea677ff97481aaef38b0f34e1d96e6ead65199fe21ef6b1e94dba2b2ab8a6d36e56bc35ba64a4031be7dd99f578e892ad8931a646f0f667a8104ff00d490d19bdb7b343492d3238180ee64b41301503ecb598caf3a0b73868fd7d02cfe3980dc7bb44451d58f50d2a623997a1c8550c280abcd69b4d96a23ee321ca5992c2a2907a9da69fc447dc3e75eb4a853a64a769538fdff00746d339eb3d8853a477dbaa3b180713d6c149ac27404f3d07a9d7c916c37cf217fdfb9070ca4e4ed8134f7b9de42c14fc3a00111a05fc3eb73fa79caf5ae8ea785cf947f6459245f4cc09dea6da7c2223cca935a4ea0df8993fbf42a5dd7fceefdf22900bf76099d7f7bf879a83e993fa2b1a7869d05b4e03d4e9d159e17641768d9e9a0ea4e9e68b0a28a8e1d1d9879d249fdf9f9ad0d4c053a603aad4688fb2df9ebfd9215bb434a9da85204e81cebfa0f9256d85a3b09b15ee8316e2600f5fd5367e8f46cf787bff95a3301d4d82a9ad57155af51f919f7bc3e835f82851c1d26eb350f3b37c9bbfcd2a02de8ed433f554e0f18ccef93511ee7bccd47f90327e43deab8e2774c7dd1f21af55e1afa11eba7a6ef204f4450cb66621ac3e16891f69c64fa9d3dc88ec77f344eb79b7e5d4f9db9aa5a61c6fa09b198e503783c841e49fc3e037901bcdd22fc32da0fe2ca7994508e38d2f261b9b9bfd9038e5136fea47a4d7ba0bde48be966c7237247e191c405e8a60ee98bcc027998b007d1c38953248758cbbda8bbdfd74b7274752988669d01035e500011ba25ae91cc18e41721b2a03782e9d5c054a809eac63879495e2001e1b33db05d5ab347d9a4052a20f3aaf01bff004af7e8edcfff0096d2d3229d36bb14f1cee3283ce0849e23199882e2ea8e9006671a97e0d00b298fc399ca4eab5037c50d68b6477b209d01a40003a9a6eeaaa891dee98f71754cf51c0dbbe7f7997ffa6859bf9dcd52a9b49b661748fe46e5a74e47ff001d1201fcd54a4bbbcc3eb09701a074318de1e0d239b72a351117640b5f2eb6e2fd5cdeb28a184fa4d423286369335f1436dfe9300b7321e8759a48f13dc5a3759acf26fb247400af3bf83ab4017f08cce00ef936ca87531326d2601bcc900e86458b794a282c8779166b6206b1047999711d557636b6b260ff0028bc758f9853c4e28e85d61a867b239e6d20f0948905c400d3ca04c718263c27dc8da3b17ace9e5d7f7a7aa42ab67d99ebbbcce8aceae140bffde79824c043eea7cb7c927a49b0e89aa1149530dc7f7ea85f429575529b41d64f2b91f25c697186ce85d727a01af92adc4ed4538c142351c293a0b71361ef566c68dcd27ef3a1ad9e17d7dc5716b9c624cf068bc732e131e47aa1c87427dd86fb4efdf9e9ef47a33a35bd0bade8353e508cda6d1a44f11e223f31303d474531859971e866f7e066d3d41eaa6ca05977b9c5dc62cd1d62deb051003a35be6674f891e4534dc201733238c823fbb7a8108d4a91366b4926f69f591f104f452d8e85061c9f68eed2f61c605e398845a7486804cee035e807b5d66559d0d9c625c001ada227893604f305a7aaf2a6228d3906e778179eb220f98279a5602ecc35a488dda875f819b791ca53d86c0b080e7b806ee2ebcf0b11a750793955d7ed1116a60377022ee3ca6e6394a00c3e22a5dde06f17923d19a9f30114fc859795b6a61e9fb3351da72f9c72984857db55eaf869b7281b9a2c3a9161e642052c35260bcd43cecd9e1946be72117bd79de18d6eeb08e502cd3c8908e3c00a9d9ce266bd4fca3c4ef5d07a1ea99a0d6b7f86c0dfbc7c4e3d09f8095e8736d373b899d3886c1247945fda43354b898f175e1cc6ff0057f44721c047c5cfb5ba4e82fa4c803d41e48354dee44db411f223ac37a953a748bae4c8d2418039663103937fa515cc6b60dceef0cb5bcef627a0cbd0a062cda12600d351a91d4683ab87e646032ddd13fd463849911e4e1cc22507120810d68bc00001ced11bfc56e68d4834445c9d0dc49e2db12e3f85a41e21004a9d624f84107493ed749327ca483c02668ba049221be1324656fddbdbf2cc83a04b5467d9275fb01b2f8e06982607fa8ef245c253cceb66240fb2412c1fea986521f842043d2ed4cb41d3da0e770cac6fd6b8ff00b73cd45c5bfc38f113ece56bcf5ee59e007fd425dd57b469801d0e96fda2c765674a9897fb5d1a1c8cea30c98029f1f150a279499ad5fa08050214aed613e334730b7d654a8e78e47baf0b7f0ee5e26e8621f1f56cc496ee3458ca54ff002b7293e6e32b91416573331bb7cc801b6d3298bbc73375d886b694677411a35ad25d0783898239485e2e56842b51e24da001704cc0e31a11c8ca38a84889b08397701b9cd1111f757ab950037870743cc117ca346ce8e1c8ef12a4e68819b426c374fdd1a007810b97296144865040cb7988de09d403b879a0d4900dc068d77c1e07f40bc5c9318a8824651989162e8d37feec917ba64039af07701d79f93972e42024ea794e53676b94013d674f423a21c80330000362e24b893e9f107aae5c98836520f8ae6353b87200e9cb37922370849022644c5808e3166fadd72e5250614c08dee3611f005df023cd3d4b06e82eb002c499247116323de392e5ca18ceaefa54a09127505c37f101ba75194a057db240b3401c5d07cf28b13ccdf9ae5ca92132afe915abba1a4b89d24c7a0b7c539fe05944d7a879b58341d74f715cb9393aec28abee31870c60fa8a60136cc7da31bb31bfc102a54d4b9c6c6385fca60f911cd7ab92451c19072806624e9201dfac47e677e15d4a8e6cb9778201e9ae52623c8317ab90c440d266e25c4989d1b3379e27a83f891b29881c60ce93b816fcf3750bc5c90c119cd7f11e27701ba34f2b85173e60da349bdcf01bfd63aae5c800c2a3838360976a078267948cadeb729ca54dcea85972f3ed31872ffb955de2774123a2e5c8607b4a8e671a54e1c46ac6cd3a4de39dcef154456d106c61e1b736c945847dc1e279e70bc5c8018c1975477d5343dc05aa3806b5806a69d3d0753e88f8761a9525bf5f52f352a1391b1fcacb1779c0e4b972044eb63284fd63ebd470b173496347dd6b410001c805cb9726147fffd9);

-- --------------------------------------------------------

--
-- Estructura de tabla para la tabla `informe`
--

CREATE TABLE `informe` (
  `Id_Informe` int(11) NOT NULL,
  `Id_Inf_Pedido` int(11) DEFAULT NULL,
  `Tipo` varchar(255) NOT NULL,
  `Periodo` varchar(255) NOT NULL,
  `fecha_creacion` varchar(255) NOT NULL
) ENGINE=InnoDB DEFAULT CHARSET=utf8 COLLATE=utf8_general_ci;

--
-- Volcado de datos para la tabla `informe`
--

INSERT INTO `informe` (`Id_Informe`, `Id_Inf_Pedido`, `Tipo`, `Periodo`, `fecha_creacion`) VALUES
(1, 1, 'semanal', '2025-W39', ''),
(2, 1, 'semanal', '2025-W39', '');

-- --------------------------------------------------------

--
-- Estructura de tabla para la tabla `inventario`
--

CREATE TABLE `inventario` (
  `Id_Inventario` int(11) NOT NULL,
  `Id_Local` int(11) DEFAULT NULL,
  `Id_Producto` int(11) DEFAULT NULL,
  `Cantidad` int(11) NOT NULL,
  `Fecha_caducidad` date DEFAULT NULL,
  `Fecha_ingreso` date DEFAULT NULL
) ENGINE=InnoDB DEFAULT CHARSET=utf8 COLLATE=utf8_general_ci;

--
-- Volcado de datos para la tabla `inventario`
--

INSERT INTO `inventario` (`Id_Inventario`, `Id_Local`, `Id_Producto`, `Cantidad`, `Fecha_caducidad`, `Fecha_ingreso`) VALUES
(21, 1, 3, 2, '2025-11-01', '2025-10-01'),
(22, 1, 234567, 1, '2025-11-01', '2025-10-01'),
(23, 1, 2, 3, '2025-11-01', '2025-10-01'),
(24, 1, 234567, 4, '2025-11-01', '2025-10-01'),
(25, 1, 3, 5, '2025-11-01', '2025-10-01'),
(26, 1, 1, 2, '2025-11-01', '2025-10-01'),
(27, 1, 54321, 6, '2025-11-01', '2025-10-01');

-- --------------------------------------------------------

--
-- Estructura de tabla para la tabla `locales`
--

CREATE TABLE `locales` (
  `Id_Local` int(11) NOT NULL,
  `Nombre` varchar(100) NOT NULL,
  `Direccion` varchar(255) DEFAULT NULL,
  `Foto` longblob DEFAULT NULL
) ENGINE=InnoDB DEFAULT CHARSET=utf8 COLLATE=utf8_general_ci;

--
-- Volcado de datos para la tabla `locales`
--

INSERT INTO `locales` (`Id_Local`, `Nombre`, `Direccion`, `Foto`) VALUES
(1, 'ichiraku ramen 1', 'calle 70 noroeste', NULL);

-- --------------------------------------------------------

--
-- Estructura de tabla para la tabla `notificaciones`
--

CREATE TABLE `notificaciones` (
  `Id_Notificaciones` int(11) NOT NULL,
  `Id_Inventario` int(11) DEFAULT NULL,
  `Mensaje` varchar(255) DEFAULT NULL,
  `Fecha` date DEFAULT NULL
) ENGINE=InnoDB DEFAULT CHARSET=utf8 COLLATE=utf8_general_ci;

-- --------------------------------------------------------

--
-- Estructura de tabla para la tabla `pedido`
--

CREATE TABLE `pedido` (
  `Id_Pedido` int(11) NOT NULL,
  `Id_Inventario` int(11) DEFAULT NULL,
  `Cedula` int(11) DEFAULT NULL,
  `fecha_pedido` varchar(255) NOT NULL
) ENGINE=InnoDB DEFAULT CHARSET=utf8 COLLATE=utf8_general_ci;

--
-- Volcado de datos para la tabla `pedido`
--

INSERT INTO `pedido` (`Id_Pedido`, `Id_Inventario`, `Cedula`, `fecha_pedido`) VALUES
(1, 21, 1000225584, '2025-10-01 03:38:08'),
(2, 23, 1000225584, '2025-10-01 03:55:46'),
(3, 26, 1000225584, '2025-10-01 03:55:59');

-- --------------------------------------------------------

--
-- Estructura de tabla para la tabla `productos`
--

CREATE TABLE `productos` (
  `Id_Producto` int(11) NOT NULL,
  `Nombre` varchar(100) NOT NULL,
  `Categoria` varchar(100) DEFAULT NULL,
  `Unidad` varchar(50) DEFAULT NULL,
  `Foto` longblob DEFAULT NULL
) ENGINE=InnoDB DEFAULT CHARSET=utf8 COLLATE=utf8_general_ci;

--
-- Volcado de datos para la tabla `productos`
--

INSERT INTO `productos` (`Id_Producto`, `Nombre`, `Categoria`, `Unidad`, `Foto`) VALUES
(1, 'Tomates', 'Frutas', 'KG', 0x3f3f3f3f00104a464946000101000001000100003f3f002a45786966000049492a0008000000010031010200200000001a00000000000000476f6f676c6500003f3f02284943435f50524f46494c450001010000021800000000021000006d6e74725247422058595a20000000000000000000000000616373700000000000000000000000000000000000000000000000000000000100003f3f0001000000003f2d00000000000000000000000000000000000000000000000000000000000000000000000000000000000000000000000000000009646573630000003f000000747258595a00000164000000146758595a00000178000000146258595a00),
(2, 'Manzana', 'Frutas', 'KG', 0x3f3f3f3f00104a464946000101000001000100003f3f007e45786966000049492a00080000000200310102002000000026000000693f0400010000002e00000000000000476f6f676c6500000300003f20000400000030323230013f03000100000001000000053f04000100000058000000000000000200010002000400000052393800020020000400000030313030000000003f3f003f000302020a08080808080a08080808080808080808080808080808080808080808080808080820082008080820080a0820080809090920200d0d0a080d20080908010304040605060a06060a0d0d0a0d0d0d0d0d0d0d0d0d0d0d0d0d0d0d0d0d0d0d0d0d0d0d0d),
(3, 'Carne', 'Carne', 'KG', 0x3f3f3f3f00104a464946000101010060006000003f3f00430006040506050406060506202006080a100a0a09090a140e0f0c1017141818171416161a1d251f1a1b231c1616202c20232627292a29191f2d302d2830252829283f3f0043012020200a080a130a0a13281a161a28282828282828282828282828282828282828282828282828282828282828282828282828282828282828282828282828283f3f001108013f013f030122000211010311013f3f001b000100010501000000000000000000000000010203040506203f3f001a0101000301010100000000000000000000000102030504063f3f000c030100021003100000013f3f3f763f2442),
(54321, 'tomate', 'vegetal', '10kg', 0x3f3f3f3f00104a464946000101000001000100003f3f003f0009060713131215131212151515151515151715171515151515151515171615151517181d2820181a251d151521312125292b2e2e2e171f3338332c37282d2e2b010a0a0a0e0d0e1a10101a2d1f1f252d2d2d2d2d2d2d2d2d2d2d2d2d2d2d2d2d2d2d2d2d2d2d2d2d2d2d2d2d2d2d2d2d2d2d2d2d2d2d2d2d2d2d2d2d2d2d2d2d2d3f3f001108003f0114030122000211010311013f3f001b000002030101010000000000000000000003040205060001073f3f0045100001030203050504080405020701000001000211032104123105415161710613223f3f323f3f3f14234262723f3f3f33),
(234567, 'carne de res', 'carne', '100kg', 0xffd8ffe000104a46494600010100000100010000ffdb0084000906071413121513131316161516171a1718171818181a18191817151817181a1717181d2820181d251f181521312125292b2e2e2e181f3338332d37282d2e2b010a0a0a0e0d0e1b10101b2d251f252d2d2d2b2d2d2d2d2d2d2d2d2d2d2d2d2d2d2d2d2d2d2d2d2d2d2d2d2d2d2d2f2d2d2d2d2d2d2d2d2d2d2d2d2d2d2d2d2d2dffc000110800c2010303012200021101031101ffc4001c0000020203010100000000000000000000040502030001060708ffc400451000010302030505060306050303050000010002110321043141051251617113228191a10632b1c1d1f01442521523627292e10782a2c2f116b2d23353e224344363a3ffc4001a010003010101010000000000000000000001020300040506ffc4002d1100020202020202000406030100000000000102110312213104412251133261817191a1b1d1f02352c114ffda000c03010002110311003f00e8e9b0291a6de09c3e9302d6e378236c3c1cfb99c95d4f0dc93573d8320a3db0fd250e436853570ffc2ab140e8139a355ae370ac716cd84214c3b09db40f05275029cb5ad3aa1eac64b5336c292c2b6ea29935a02a2b1e012b88548099442b0ba022298e4b6fa3ac2141521754c547e5409c43dc6cd4ddece4a546838896b6425294fe84a6a3bf428d4c63c7e54cf16cd0d8aa19822fb093e0871ec65097a42f18c7158ec514cff6054d1a4855d7d97bb98464e343470ce4c52ec42932b3b469f24d19810db9613e088763d8cb3dba5ba25dd165e14d886a57a878aac6f6b28caf8f6075a375d972e4559d9ca64d11cb8258e54c58fa64a876078271f8551aac26026d88d0a7b072df66e46be89e6b3f0aee683905202ec9ca5046611430ae567e0e523635014ad96a306082c14c0ccad6814005aa0e28e25939a96e30a366a16f6cb11e70cc58b6e8d47a10a8d9bc21b115c1569a0de285ab839c9cafb51cf565ac7085aa8d1132ab661f492a470e3895b7fd03a82b8dec87a9be4c414d1b41a3254d7714ae4c348a1b8770d4ab0522a7870e7102734c5d850dccca1b31e38ec56419b3655eca25c2e0355d5311bb9012a87b49cd2391d51f1d7b34ea646504aa0d37b8e71d15d4e9b32de8eaa4ea606a0fafaa1d968c631e9030c33c4c891f0530c7b4774c78a83080edd937cc7250a5560997003204dedc9296e590af5ddf98df8c58aa29625e7dd9f0e4a78ba42dbaedf3f7a21693c83de24699256f92d18ad4259b51e4646f60778dbc156f93de24183712b6fdccc06df8136f054baac584f341b0c52f48b6bed07ef774968190cc7aa55ed09a95036a902fdd2408ba2bb17ba4953da38e3d8b999c41b0b0590f0f8c96a72f87706b887b647c136d9f54176e836d12575587ce68fc0b9ada8c79300898546be24fc84a49d8f0d33cd60a6782acedea592cfdb0dfd254699e6bc725e89ee3f82b3b37943bf6b7f09553b6e8452623e3b0c7e18ea56370a2334aea6dd9d168ed91c11d582c65f831c541db39bc52b3b67928fedae4b6ac16363b358a0fc0019252fdb4740a276dbbf4ada48db0d3f07cd6251fb5dffa5623a336c8f436541c14d95af011ecc201a2b1d486802eb392c5eca4e330428b706f9b94c59d14aeb51ac5dfb3cfeb5a7e148d651e41cd56d6cdc2cdd0f08b9327b3f0b024f8ad631e16ea83a9cf454b1808bda3971487646297208e740de8f993f4433aa7e693e529862591ee9b1e4a8610e30444e56816cee14da3a632e2c8006f6699ca4c2956a01b1707a190149c013023ef995aa54a467ca2d3e0b02c0717406739f1941d6a576ea3926bd991a3a04dfe4a8a838b12b45e1306634088dd92752647552739d246bc20c782bdc6d1ba075cfcd68b481bdba08d0f34b41b2aa61c01321a7d7c158d0e6c91a8cc804f81d3aaaeb006e545d4cc691d5637663c3608921fd3e610d530ce01c46e16c5ee0cf866b4da963324ce99e5af82aa862c0787329e5bc08266672919059725526ba38bdab5035d02d39aae8cbf326d9744c3da8a1153780106e12fa0ee2a89f007cb0ec38197aa6b4f0c46e8bef1bb5b064b7529552706c38891c389d02ea0e1aa8aeea988786540c6860d008fb0a53673f91e4ac528c17bec06a56105bba6789f928d3c237f308e69dbe90aac6b77dbbedcdc044a80d84efd60f52827ee253ffabc5c91a9490a3f04d2a6300d3a84e0ec2a80e523911f55454d9ee6ba208e1bc227c7245ca489ac3e34ff0024bfa8b5f816f0558d9f3934a635f05522601bc58ab998578649378c85fcf821bb17278692b8b150d94350a67650fd282c563ea35d074551daef8cd552933cf97c5d3187ecc3fa56d2cfdb153f52c47491b747a6bf6d88b3550ddb07f4a05ae63419712ae7d46b402f76e4e539abca55d908e3949d455977ed77fe851a9b56a464b7886ee340172e5bc2523adccf5849bf25978d2ab65f86acf7365dae4130a340345d653a4069fdd5552a93996b44eb727901f247f8944a9544caae82723f15555c4b440fcc7417f8ab6a5b4be927e3c152d6c1f09e1136c87c50652297b2a69df746eeef5ccf41f556bdbbb0488397d2782ae9c12e70cc58e67219792dbaa037244f0b84077d95d773667d624a834b46afcac40b657f8fa29e269c8ef08916703e99c2a5a7bad6992e02c7efaa519728b99501b6f19e26dcf325555068440d4da0f20673543cf5cae0f8f964b0e205ad1c781d06bea11ec3ab5ca2b7b66d130071cad9aba8e2a03a99821d9659f48baa9b581247e5cee633ce06a85c63c000b493e87cb873428a257c32756aeec893d2d63643be8b84bcb4c017bc0cb58f828b6a4bb75b9937746448c813af3eaadc2556b83993bc4006fe339e67fb2551b745ab5565184707b8d380481bcd396f0cc8e47814af158ddc7774d883c8e593b98f9215d5fb2aec9bb1ae98e0272f042edf78df710643c936cb320faca0e917e36fd28ab686237da467139f4bc25b82a2e7b83580b9c6c0054ef1dd24711f050d96d7b9d58b24766cde99893397c51b74717959b4e51d86cad84eed4b6ab77434b41bfe6711bb07d5743ed388c40691bcd0c027513c7915e7bb27dae7b1c249730383a1f782389f9aed99ed153c43f7fbaea8f60101c05813620989951fc4e2a5d9e367f265376d7aa15d5aad6b8b7760f23f045b71523bb52a0f1f9aab18439d070e4903de2e8119e7aad9a2c6b0b85ddfa438103e695352e0f4f067c59aa338fcbf60cc362aaffef380e647cc2a6ad6a8e2779ee775223d108fc5db78b63485ba0f35486b1a7789f084d4fa3be3e3e28bd94520b6b1c75cd6de5d4da4c9f05696b69bbb3064804b8f3e015552bcb4889f1d16ae68b277cfa106d201dde03c12d2dfb94f5f484f5b723e291e268163c881e2ba21c2a3cbf3a1f2dd7b23d89e5e6b165b837cd693dafb3828f62d9fb3daeef16e59253b736554c4d4606406b5dde71d234e69dec4a84d29445160bc4c4cf8ad38a970ce8f1f23c3f28f60f8aa7ba0091368e8afc3528576e499e1a2db8265115ced51539d195c9cbea559d9de4c1204f427828d5040b58f2178f975550aad0374493a868249f1f9a20575c1bdc02ef361cf5e278f44339c1ee813fc45bf02886b64c161038937f11780a9ad20f743409819c01cf2f24ac78be7f52151ba36c01881a7543d5a835398e171d51549877b89336cb8ce57f342e370ee71688ee8324693a697d6dcd06878b57c943717de0082593062f1c084762702c8058f16e731e22fff000100f24169603c0917020e4382a9e4f7c901a6c6e434db419493c72412fb1df2d38f057569104c3a62c4c9e200b1cae8715409927381c7e3d0aaf686d00c11bc009102779c7220c7a42515fda12d3dd01a4cf7a2f7cb2f048e491d78f14e5e879d86fb490e062e186438c6b0019d7540371c3f2982e319e52273d0d92cd8b8b73eafef27f7821a66e0fe570336122239f241ed87bd95b7b4a858fb75049ea0ef79a4e5ab3a638a2a4e2d8e285673690701de69877f96478cd8f42aaab58822a31c490244ea22483195fe4abaf88ef800021d1106c481cb5371e0150c7c4898b12dbc0d64729f995751a44253b17ed5c46fb8eee59f9e61021c4900dc70ea8e752dd6ccc9ef3623c893ae69557c44419cbe8a6d72194f8a465796b48fcb371cf44e7d9bc23450c4b9fdc2f6c366f000ccf09406cec29c5d67b810ca40ef38c65d071e49d6d514ce09eea53badaaca5235ef43893ae49253e691e2f95e46cf54721f847d1a8da8d82d9cf304ccc11f229b6d9a25ae6621b4db4daf20cb440dee007812a34c96d56d3ddde15321982409823c136dab817624d2dd7eef676144801a0ea5bccc645436e6a472435725b740986dac4be6a8ed1b940311e013c1469541345ed9fd24c38725ca3e996542d707022731ba654a9b0f42aba2f47b18bc7d3e589d7f543c7e14b5c0105b3a9cbcd30a3b4c3406d36811a8ccf4293e036c546f74b891c080e1fea957efef198008d1a001e20590e51e963da5c644bf661f83c43c173c01669f13e39a0ebe3def225a1b16b0f895731c5dc605ba20ea4d9a40044df88cd18f23e454174d902743a7cd55b4b0a2a5371d5b707a287e33456d5c54d3796e8d32ac71e4e62ece4fc962104ac4f478db23e8ca3484016ca54dd6d3c96dce5ade1c554623da40983e0a92f208ded4e43eefe0ac7d617234e3925b83a86a12699df8b1a845b9b583e7f14b2745211b4d97627174dbef38033317f0b05653c44c1dc37fd50081d334251d934fb51589717033732db88b0f822f79e609860988cdc64dba7482955fb292504b83588c40d43a4f439ea00324fd10953100d9c4b0680c879e7cbc3d118fa220cdb78c93324c653a911a2a9d11034922492498bdb3299a622691554aedb16106d000369d0cf82a8d39c8827500803282ebe467552aef6521352a6ee64991bc4b8465c0091e0b92dbbed648dca2371b224ea632b0b0e30925251ece8c382795fc171f61d8eda946937725b51cd9e60c904cbbcc715cce23683ded75c01c05b3cfaf5cec93e2eb92493c60f55bc062b77785bbc2c781065736ce6e8f6618a18637db08a86440237a4c1b99b585ba1f2536e3056c3ee907b4a326633a71ee9e87d2541ac696ef37317e1c039be04823f99038c66ebf7db97e60381d7c72f2e2a8a144a5e4c65c7f2186cec56f3775b333bcde20b60e79d84f9724e36d60aa54616cb6243980e60920900fe59923c972c2af63543993dd21e39b4e605f85b3d0a67f89dda858e738d3789699fd5041be50632e6ab1aaa6726493d9388460b106a501261cc9611a88d7d3cc2dd6adbcdeeb6c20c99b99837d66f971425078ed0900cb99dfc8099826ff007e6ab7be2a58f76f9e4489d3d11be05edd9bc7e22039b907191f11e857378c639e775a3212e29863713313f94113c7ee5287ed38a7bad9de24cf4d147925e44da8d44b296d7750a6ea4dcc9973a4f9465e2bb6d9d40d7d9830ac029bc6ed5cccbbbdbe4f5209f45e7381c3f6d558c39d47b5be6405eaa2ab696269d2f75ee9dce418d6088e73e85473b947f27f13c8cd51e84ef7b59530af75f72a4c0cc88232eabaadb5b39f537f1544b5e1c37a00b8200b11ce3d579eedfa4595fb76b61ae71ee8c9951befb395ee3aaf49d8d8d7762dc65012d222bd2d2459ce68f5e8b6bb40138542325ca391c56d7eda96e3e9f78110e26ed8cc0b4f821f0f8326d16e2bd0f6b7b3f4710cfc45110e224eedba877dc85c156a8e04b0cb62dbb9475e2534528aa3d9f0278e51a871fa178c3b5924383ef6b5bfba8b9eee26dca32e8a141ed3622f16395f9957d237b01038ea8367b108af65ccad03b479e59e79641095ab4904c782ded1a9bc77720040d39dd0cef747de89e243234651a73295fb418e870a549d36ef91c784eab2b56719cf74fddd53430edcfe17f815548f1f37917c2178de5a4f46ef16ff0051fa2c4dc9c7c1edd86c631c7b8e91a1bdceb0755797c12209e9af9a0766bb75903740d00d072e2882d71b8740d744ea5c1d1382521663dcfa8fecdc1c0137632e48fe37e4c1cb34453c21739b12d6348ee82436c6775a07bdcc9b724531e4ff00e98067f31f7675caee2a628b9b2492f3d4003f9469f774b5c8ef234a9700eec20dede0e79dd98683693cf45aad87aaecea86b73b0ef4f271d33139add4c5d40d2771b4da066f32e927836dea9756c754066ab831970d681bcf7ff1126c01fb859ea8308ce5d57f708a182739d2ea951cc190b007998009161e4a9da98fa741a777de24099f7469d0fc52eafed138871631e2d0d7408ce2f97a2e431d8f797169738de7bd04db8c8f1537955544edc3e1ce4ef274bd11f6836a17542e823780241bde2e523ab549bf822abd506644cdfe76e083da585345e1a4821cd0e691796b828eb7c9e83caa0b544c3c1173c8f4d0f85bec211952ce07ecff00c2d35fcd54f1ae49fd1cce7cd0650ad22c24c7fa9a0e5d5a7cfa2c63dce613220083d0c483e9e0d4352ae5976f104751afc7d540e2dc37af01fef345879274ce79765b56a4380ce2403c5a788f128d0e06930900969dc27a92e619e16704ab7e6dc2e2de8acc3be411982329e68d8bd8da919893201683d329f196faa9ed1780d17ef4cc701cd0186c481bc0824386539381127d3d543115667cfd56be06a17e3ea592a14e51d59f2515b176776d5037f2805cf3c1a2e639e9e285a8ab38f2caedb3b3ff000abd9c697fe26ab41dd00d304481bc61ae8d49397429eff891b2800310cffd4a2edf0ed7737b75e398c8f81467b05896d46b18c105ce75520410d653eed307a1dd3087db3b669bf134a9121c1f4aa6f89060bdd3ba6358dff45094e4e1679526e4ece2ead7682f358134eb13bf02775f987379e67c137ff0bf6a0a588752de9a6f062445c646349082c56ca259570e7de67ba7f50f7a9bbc4403e2b9cd83b43b2af4de661afbcf0367023a128e27ed1d185296392f67b762b67ba83cd5c3137bbe913dd771dd9f77c2dc9731ed256c36258ea94e595d901d4dc21c6f70345d7537d831ceb182d78cc4e4e1f03fdd22f6a763348ed1e376a3481bcd1dca8226f1eef8f82d27efd7f617c5cca3914a4ebfdf670ec78d01ea4a60d1305d7fe570cf3d32428c238df74340224cf76f91e91aa2aad26e1f75d51ae730bac444186cc10323319e92b35ecfa98654d5a07c635a1d62e2ecc931116811198320a558dc606cde4fcd59b5b1a000e68225b027adcf45cebda5d9924f3cfd1523d1e7f939b5748b70f51d3208772364652c4b1c7bed2d77119ca0a9e1ef981f1463b064ba480d1c49b9e60054547972b0e6d37913da79b44ac520d6e93e4b12ee6d0f6e631a6ed8241cc6616cb5a44386f6bde823fb25787ae2bb609736099dc76ecc122f099e170cc68868cb9c9bdf32ad1e4b645af7d93a78702e1a01e200f92aeb3de05a093668033ea4956bde62da790f24bf76ac805ecbea1ae06331bb781a26a123cbe4aeae01f50b5d55d306770186070ca7571487da29bb9f73a411ba23a8cfa2376fedc752616b4c98b970cccf2c8af3bdbbb6cd4793a1bc5e02e4cb923d2ecf63c1f1b2caa6f845b89da0ee5caf901a0e0b55369f6addd7c35c1bbad7e591901dc47c173cdac73953af5c1712d100c5b38b5efd654e367766947a0bed43819cf43cc7d7e888a715693a93bdf6de99e073734f23f14a77ee89c3e220ef104c0f1b64a89d1c391a6bb010ed3551aa7ba154fa8649e2a8ad8c811c744c91cd2c85dbf0aa7bd0bda3dd6015cdc0d439da51a137b25db293ebde78ad3765389cca21bb0ef993caeb50d16fe8dd1ac0c29e21c4f8f9abe8ec90d22c4dfee4228e140d2384ad43c949a1436812babc2d0fc3e16e22a55cf886e83ef9a1b666199db00e80049be5dd6931e6155b531c6abcc78721a28cf996a7265c529cd43d76cf43ff000b9ada6c73cc0351e580f260073f13e4b8bf6eb65bf0f8ea8e6489776ac3d4cc781911c2176bb1e976585c10e277cc73de71f828ff00891860450ada7ba7c7e39248e6b6e2feff00f0e4c5913ced7a7c0a6a0ed98cad4e0d56b6ec910f6e6593a39a663fbae2b686cb739efa81b01ce2e8690e8933785d160316ea5de601320c696e486dd9bea73471c756cecc3e1b837f5e8ee7d90c57e23041a4cd4a2376f37116f48f25af6636f9acd732b00cad4dc69d406ed906dbc0e6d235483d8ada1d8624036654b1eba2bbdb2a6fc26386218c2ea751b0f0358e7c6088fe54ff00eff83832f8d595c7f75fe0ea715b1a93bf763f72f065a046ecff0001223c123dafecd96b036a36ab98d32374070fe9041e394a6db2b1edab14dce9968349e7f334e4d74ea3e45326e22a5330def4674ddaff0021f92472a278fc9cb89545d1e5f8ed9142a196624b4811bafa64011a4892122af4031e5ae2245ac491e1babd9eabb0b8890f6f64f708ef01d2ce1e3aae03da1ff0eabd19a98679a94f3dd061c072330ef43d5522fedf055666ff0033e4e75911ee98fe5001f3526b49c9ae9e82de41287bc8304bb785882448e467257b311ba3de7c91793655d5fa29b21a35ae03377896ac4a83c9d42c47460da27a9edbc36e6f961201b88917e9f79a4582dbf569bbde26789e1a2ebb6f8220b812d70dd33c7412bcfb1a0075f23af4c8f509271f95a3d8f132a78aa6ace9bfeaf26cfa6d719def78806da8320a87fd5c4bfbddd89022f063879ae3aabc1b3ace17074ea10ce067eefd38a5b9fd954bc7ff00a8d76eed3df71bdb9e7d4a4868137067fb2d62412541ac7735350a6754bc95aeb1e81c98b2c2f51af9c6aa995548f3e798b9d5216dd509435478199841e27694599e6992396797ecbf135b77ae8806bc85587499264a9929d223b585d1c44261436898894a1a8862568a467474583da7d0cf14d6862693fdeb1d0687c745c85028a656212bb475427197675e6901f99a0cc58d88e70eea254dd821bbbae71032e731981e1c972ccc51cee9d1dae77623319ea95cfece98e3be984e2e8eeb4099de6f5d626fd3c252cfc2966f73e57d6fc8d879ad6236939d00c5840e43929ec69af88a5449b39d7bfe51de77a35073f609c14636cf48c53f70615a336d298ff213f023cd05b5f698c4e0eab374cd2a8e1222218e26de4957b6f8c3bbdab1d000029b9a742eddb1e8d23c109fe1c62dae754a0f3ef8913ae87e4571ac6f991f390c6d45e65e9899bb49a059be66550fdb2f04418032084db186ecab3e97e8711e1a7a425f51ebad2b3e8239a3aa686cedb4f999e790b2e8b6efb5d4f1382a60ba3134dcd05b06e003de0728cfd1704b629da7547539f2eb91a93ed1d57b3bb7afd9557402658ffd0fe7c8dba597a7ec8da2310decaaf76b33598dee047d7eb7f01a8485d67b39b74bf769bde5b51b1d8d4ff6b89d387925946b9fe670797e35ff00c90fdd1ea789677b71e7b3a86cd7db75e63270c83a3cf9de394da789c5e0cb9ccad0d024d3709060dc83965a2e9b65ed36629a68e2001545b84c6a35e7c42176a53007e171809a6feed3ada82726bc8c8f03af5b297e5e5728e3c59547e325713cc76d6d26e2aaf6afa74dae20071658388fcc6f9fd1554a9538b0f22533db5ecf1c33cb4b1ce68c9c1d9ce53d78e59a06952d452778bdbf02ba22dd707545c1ae0b5986a445c1f358a1b8fd29dbf9a97d1691f9fdff0051be27b7e3f0a6a53734b22472cf43f05e69b6b67be9921e2fc749e2bd41f89bc6e9fe92956d0c3b2a487d320467bbc46979957942c5c3e43c7fc0f1f7ba09074f4e8ab7b845c48f81e23826bb7f60556b89631ef6e8435c0c0e20dd73ed754683bd4aa01fc8efa24a3b1e68be5308dfd0dc71d556f98893f7f040bb1845f708e4663e0a5536902220841c4cb3afb27994262ebee92224f0d0755a3577b58f355f62397f4ca29109e6be80abcbccbbcb4501874c7b06f11fd2a269378fa2620f901fc39d144c8cd1e3778fa7f751a818741e4e5864e81e9bd5ed7aa7bba5bc0fd569cd8fcde8b0db8c283912d1292b31508bc3639b39a0d148ce863922a8bbba0a0595642230ae9040d0a9b89d58f2f239a1846be987017f74e9ad8fc929c4d3dda8e6dc418fae48ac354301b3606fcd0988702f71e69523a672b46b1359e69b5a5c4b5a7ba34133fdfccf151d9f89753787b090e6990a2e72d536ce411a472baa68236aed035eabaab841744c72681f24baa05686ad3e066564a95216d25449b48eecc64a8a6d273b2359b42185ad024c67c0206ab5ce3ff027c251252c84c35b3a99e171e68ca14c58060eb37f2281a349fc0798f84a2e8878ce4740d5989b49fb1f60b6c3db05e1d2df75c33e8e8cc7aaee765fb5587c553fc3e28b5a48ddef1f49c8f87c9798b58ee7e6d1f212a4693a33f03baa7aaf4425e3c5f23fdb989af86c40a2fa9da5360ee07419a6f3304fe6cbd39a16bd500cb0cb5c011768227f2bad983e6212863ddafa96a2e839c6c48f367adf2594520c31ebd30dfc41d1dfea1f458a0c0e8d3fa98b137c7e8af3f67b21dece473ee8e1fce87ad508cf4fe18e7fad30a849cd9f1faf55a7e15a73637caf3e24aeb71395491cee2b1ed208774f778ff992cc454a46645ff97e853ac5d0636fd9ef67f901bf81092d56e7fb860cc4eeb72d0f7aea32524563ab14ed0a58770f749d6771deb0122c46cca07f23a7f91ff40ba0c538cc76607434edd77585097b9ece9f57387cdbc94db65144e76ae0690d0ff4bfe8a0ec333f53bc9ff44f2b039feec721bb6e47ba508ea7fc4ce937f40b2919c0526837f5bbfa5eaba9480b77cf490993c1fd4cf377d141f48ea5be05c3e164ca4071151a2dfd0ffbeab4ec30e0f03a37e8993f0f3981e6e559c30cfba7d7d51d85d58bbf0b4e7bdda0f007d02b29e1289b7ef5dc831b3f047b6945c183c87ce549b4f8bbc486785e56dcda302a784a7ffb759dfe46a854c0d339d17793026218018de31c775b9f805b7b1995cff48f585b70ea277ecd8f7439be2df921e8f694c98ef03e7e09fba933f4ba35fb0160a03461ff0055fc52b90c93429a3b57741ee993c41b217f1b39031c79a77569b4c986f999f53643d4a4de2cfea285957924d0b0577dfba3c73581cf823ba3cc98f2463d838fc7e2a0298eb6fe246c9dc81e9b78cf84fd148340d0faab37397a9b2d5b80fbea560136c7f17f5bbeaac6b05acebff19fadd52d1c87811e815a19fc3e601f9840d414da605a09ff00399bff009949b04c7fbcfd50cc007e58b7e9f96f429b48b58dbf86078a0c7a0d65066a07f51527e169eb00f577d50a2e7dc397f08f4dd585b78dd31c0866f5f82c068b861a9e7627a91f35653ecb5733c5c41f528534ef91e1eeb3e2149a5c2e010394fc82c28d2954a51ef53fea1ff92c4b8547ff00fb3c1ce8588506cfa004720aba91a1fbf250fc4be2cd13d5ba7d850359fc2e79c7df5f45e81c246b82459c071313f16d92bc66ce73841dd70e9ffc6d7d53576f5bbe00d6e49d05a0803afa2899837bce7bce3ac6a566ac29d1c963b646ec92d7119dbbc67a6edf5493114a9b499a154df3dd1111a5bae9a2f42ad489801d11c09988b6bf7085c4b6c20ba44da7ae7def5529624cac72b382ee104f615070b640653ddcd54e6b5c3bb86a8798e3e03e4bb03846bfbc1efb090779c41119d8807c12eadb0c3efda90093106de6ede9ca14bf0d14fc4111c198ff00ed9e3523fb9d722a8ab8322fd93af1a5efa6564fbfe9ca73bbbc648804d4b49e4d6856d1d8a0344546ee8c897be6c60dc364cd90fc346fc4672a28dc7ee5c67803209e27cb45a34ae7f7677739e998f7a02e97f610de3ffd410092606a6d7ef071d382a6a6ca6490da950f42088e40c026d9e4b6883bb39da752991bc5919c0f0e64c5b4536d261f769cc66400440ccf2c939a3b0a60f6f50c8982d8bce521c8876c03bc487b8401f919ba40195cf878adac41b3130a00e4c6f53e99055d4b44b5a06bbb39413305b64df19b30978a4d7b4efcf7bb3b360645deece82ea9c56cba948cbe8d2200904c8d38075f247546dc58f7b2c37b7a4127ba38e5d3e8873886074e43f97e88a676551b2476666f16e395a3cca83765b2dbb549278546fd52ca34329038a9449f749bf42a4dad43f4bb94387dcad3f666a0923f989ea240430c117406cf0b0220c4c148d0f76134fb0260b48e077b78f8decaba9b82cc20bf810e03d26eaa18176f06f7e4f5bf19368e8ae3b12a989a4795c65d4941d1958335adc8b1839971b7fa55a1f4600dd640e2f719e67b8a2363d4d69b8fdfaab19eced531149d7d2d6ebff0b5a35323da53110691204778b881e3ba215b46bd323bfd9131f9491e5209521eced56e6c7720377e3ff0a3fb2aa0ce93272efb9b3d666c16b40a2a61c39b434f01bc7e4c561fc381c27301c6dc6d1717531b2096ff00f87de023ba4f0999321107630d7b01cc5e4c4c40695b835b041570e49b643bb3304f39192d369d274cba0e7336f0062c8ca7b2cdc4d311910c7c74f72ca157663f8b5dfe47ff00e1f55b83594e1b66870305e4dce4607ce3c1578ac3536407d5874dc90e888fcb0db9470d9447bd50b4676a6feba051fd9a4b49dfa99fe8767c532a03b169a587fd55cf4618f8058989d9afd1f53fd43d085a4383727b21f78f87c55759c645f558b17a67000171ee5cddce07988758a2689cbef82c5888195547183d4fc9538e711bb04e7fee6adac59850b2b347ff00d0fc5c8a8b93acff00b5cb16206f60b56d50c5bdeffb421e989266f0e91c8c1badac418e4d83beefe61ff6b50ce79937399ffb562c5390d1274477474f9b3ea7cd2cace36bfe5f9958b1232888e2aa1ddcce5c7aa5d8bc4383e039c043753ab8adac529f63c3b08a950c32e72e3cd26c4d574fbc73e2562c4ac6446ae25e1c06fba0e92633e0882eccf558b1231a251be645cf9f5594eb381b38f9958b1231cdef9ddccfd95653aae9f78fbbc4f12b162998230265849b9917d55fbc789cfe4b162c1650da86733a6bc9101c78f1f8ad2c5bd991452a87745ce7c51349e6733a2d2c465d041b0ef3be4498ebcd6b12e326fc3e6b16206328d43ba2e7cd6d62c4a13fffd9);

--
-- Índices para tablas volcadas
--

--
-- Indices de la tabla `administrador`
--
ALTER TABLE `administrador`
  ADD PRIMARY KEY (`ID`);

--
-- Indices de la tabla `detalle_pedido`
--
ALTER TABLE `detalle_pedido`
  ADD PRIMARY KEY (`Id_Pedido`,`Id_Producto`),
  ADD KEY `Id_Producto` (`Id_Producto`);

--
-- Indices de la tabla `empleados`
--
ALTER TABLE `empleados`
  ADD PRIMARY KEY (`Cedula`);

--
-- Indices de la tabla `informe`
--
ALTER TABLE `informe`
  ADD PRIMARY KEY (`Id_Informe`),
  ADD KEY `Id_Inf_Pedido` (`Id_Inf_Pedido`);

--
-- Indices de la tabla `inventario`
--
ALTER TABLE `inventario`
  ADD PRIMARY KEY (`Id_Inventario`),
  ADD KEY `Id_Local` (`Id_Local`),
  ADD KEY `Id_Producto` (`Id_Producto`);

--
-- Indices de la tabla `locales`
--
ALTER TABLE `locales`
  ADD PRIMARY KEY (`Id_Local`);

--
-- Indices de la tabla `notificaciones`
--
ALTER TABLE `notificaciones`
  ADD PRIMARY KEY (`Id_Notificaciones`),
  ADD KEY `Id_Inventario` (`Id_Inventario`);

--
-- Indices de la tabla `pedido`
--
ALTER TABLE `pedido`
  ADD PRIMARY KEY (`Id_Pedido`),
  ADD KEY `Id_Inventario` (`Id_Inventario`),
  ADD KEY `Cedula` (`Cedula`);

--
-- Indices de la tabla `productos`
--
ALTER TABLE `productos`
  ADD PRIMARY KEY (`Id_Producto`);

--
-- AUTO_INCREMENT de las tablas volcadas
--

--
-- AUTO_INCREMENT de la tabla `informe`
--
ALTER TABLE `informe`
  MODIFY `Id_Informe` int(11) NOT NULL AUTO_INCREMENT, AUTO_INCREMENT=3;

--
-- AUTO_INCREMENT de la tabla `inventario`
--
ALTER TABLE `inventario`
  MODIFY `Id_Inventario` int(11) NOT NULL AUTO_INCREMENT, AUTO_INCREMENT=28;

--
-- AUTO_INCREMENT de la tabla `locales`
--
ALTER TABLE `locales`
  MODIFY `Id_Local` int(11) NOT NULL AUTO_INCREMENT, AUTO_INCREMENT=2;

--
-- AUTO_INCREMENT de la tabla `pedido`
--
ALTER TABLE `pedido`
  MODIFY `Id_Pedido` int(11) NOT NULL AUTO_INCREMENT, AUTO_INCREMENT=4;

--
-- Restricciones para tablas volcadas
--

--
-- Filtros para la tabla `detalle_pedido`
--
ALTER TABLE `detalle_pedido`
  ADD CONSTRAINT `detalle_pedido_ibfk_1` FOREIGN KEY (`Id_Pedido`) REFERENCES `pedido` (`Id_Pedido`),
  ADD CONSTRAINT `detalle_pedido_ibfk_2` FOREIGN KEY (`Id_Producto`) REFERENCES `productos` (`Id_Producto`);

--
-- Filtros para la tabla `informe`
--
ALTER TABLE `informe`
  ADD CONSTRAINT `informe_ibfk_1` FOREIGN KEY (`Id_Inf_Pedido`) REFERENCES `pedido` (`Id_Pedido`);

--
-- Filtros para la tabla `inventario`
--
ALTER TABLE `inventario`
  ADD CONSTRAINT `inventario_ibfk_1` FOREIGN KEY (`Id_Local`) REFERENCES `locales` (`Id_Local`),
  ADD CONSTRAINT `inventario_ibfk_2` FOREIGN KEY (`Id_Producto`) REFERENCES `productos` (`Id_Producto`);

--
-- Filtros para la tabla `notificaciones`
--
ALTER TABLE `notificaciones`
  ADD CONSTRAINT `notificaciones_ibfk_1` FOREIGN KEY (`Id_Inventario`) REFERENCES `inventario` (`Id_Inventario`);

--
-- Filtros para la tabla `pedido`
--
ALTER TABLE `pedido`
  ADD CONSTRAINT `pedido_ibfk_1` FOREIGN KEY (`Id_Inventario`) REFERENCES `inventario` (`Id_Inventario`),
  ADD CONSTRAINT `pedido_ibfk_2` FOREIGN KEY (`Cedula`) REFERENCES `empleados` (`Cedula`);
COMMIT;

/*!40101 SET CHARACTER_SET_CLIENT=@OLD_CHARACTER_SET_CLIENT */;
/*!40101 SET CHARACTER_SET_RESULTS=@OLD_CHARACTER_SET_RESULTS */;
/*!40101 SET COLLATION_CONNECTION=@OLD_COLLATION_CONNECTION */;
